Ena_na12mut,55.9215788959736
Rd_na12mut,3.381159972800221
Rg_na12mut,-0.9980258297198539
Rb_na12mut,-3.0192818519209936
Ra_na12mut,-6.48140713013839
a0s_na12mut,0.00035402748069914887
gms_na12mut,-1.4067916809009127
hmin_na12mut,8.982635314949201
mmin_na12mut,0.3884480548262026
qinf_na12mut,13.379891433262621
q10_na12mut,-6.9973052396313165
qg_na12mut,1.19512763334865
qd_na12mut,0.3859392699834266
qa_na12mut,6.025584765515873
smax_na12mut,5.664320746547422
sh_na12mut,10.765823256862788
thinf_na12mut,-44.605788345578205
thi2_na12mut,-42.243624976674084
thi1_na12mut,-42.45958424842164
tha_na12mut,-27.565466357080197
vvs_na12mut,0.2977720437498803
vvh_na12mut,-58.507211873671494
vhalfs_na12mut,-61.16653984633683
zetas_na12mut,13.669324417641239
exp,M1879 T and R1626Q
name,NaV12 adult M1879T
