Experiment,M1879 T and R1626Q,,,,M1879 T and R1626Q,,,,M1879 T and R1626Q,,,,Q1479P and E1880K and K1422E and E121,,,,Q1479P and E1880K and K1422E and E121,,,,Q1479P and E1880K and K1422E and E121,,,,Q1479P and E1880K and K1422E and E121,,,,Q1479P and E1880K and K1422E and E121,,,,Q1479P and E1880K and K1422E and E121,,,,R853Q Q1479P E1880K R1626Q,,,,R853Q Q1479P E1880K R1626Q,,,,R853Q Q1479P E1880K R1626Q,,,,R853Q Q1479P E1880K R1626Q,,,,R853Q Q1479P E1880K R1626Q,,,,R853Q Q1479P E1880K R1626Q,,,,I1537S R1319L E999K R1319L,,,,I1537S R1319L E999K R1319L,,,,I1537S R1319L E999K R1319L,,,,I1537S R1319L E999K R1319L,,,,I1537S R1319L E999K R1319L,,,,I1537S R1319L E999K R1319L,,,,Q1479P E1880K R1626Q E999K E430,,,,Q1479P E1880K R1626Q E999K E430,,,,Q1479P E1880K R1626Q E999K E430,,,,Q1479P E1880K R1626Q E999K E430,,,,Q1479P E1880K R1626Q E999K E430,,,,Q1479P E1880K R1626Q E999K E430,,,,T400R M1770L,,,,T400R M1770L,,,,T400R M1770L,,,,T400R M1770L,,,,T400R M1770L,,,,T400R M1770L,,,,F978L R1882L E1211K,,,,F978L R1882L E1211K,,,,F978L R1882L E1211K,,,,F978L R1882L E1211K,,,,F978L R1882L E1211K,,,,F978L R1882L E1211K,,,,F1574L D997del,,,,F1574L D997del,,,,F1574L D997del,,,,F1574L D997del,,,,F1574L D997del,,,,F1574L D997del,,,
Mutant,NaV12 adult WT,,,,NaV12 adult R1626Q,,,,NaV12 adult M1879T,,,,SCN2A A WT,,,,SCN2A A Q1479P,,,,SCN2A A WT 2,,,,SCN2A A E1880K,,,,SCN2A A K1422E,,,,SCN2A A E1211K,,,,SCN2A A WT,,,,SCN2A A R853Q,,,,SCN2A N WT 2,,,,SCN2A N Q1479P,,,,SCN2A N E1880K,,,,SCN2A N R1626Q,,,,SCN2A N WT,,,,SCN2A N I1537S-M1538I,,,,SCN2A N R1319L,,,,SCN2A A WT 2,,,,SCN2A A E999K,,,,SCN2A A R1319L 2,,,,SCN2A N WT,,,,SCN2A N Q1479P,,,,SCN2A N E1880K,,,,SCN2A N R1626Q,,,,SCN2A N E999K,,,,SCN2A N E430A,,,,SCN2A N WT,,,,SCN2A N T400R,,,,SCN2A N M1770L,,,,SCN2A A WT 2,,,,SCN2A A T400R 2,,,,SCN2A A M1770L 2,,,,SCN2A N WT,,,,SCN2A N F978L,,,,SCN2A N R1882L,,,,SCN2A A WT 2,,,,SCN2A A F978L 2,,,,SCN2A A E1211K,,,,SCN2A neo WT,,,,SCN2A neo F1574L,,,,SCN2A neo 997del,,,,SCN2A adu WT,,,,SCN2A adu F1574L,,,,SCN2A adu 997del,,,
GV,V (mV),MEAN,SEM,N,V (mV),MEAN,SEM,N,V (mV),MEAN,SEM,N,mV,MEAN,SEM,N,mV,MEAN,SEM,N,mV,MEAN,SEM,N,mV,MEAN,SEM,N,mV,MEAN,SEM,N,mV,MEAN,SEM,N,mV,MEAN,SEM,N,mV,MEAN,SEM,N,mV,MEAN,SEM,N,mV,MEAN,SEM,N,mV,MEAN,SEM,N,mV,MEAN,SEM,N,mV,MEAN,SEM,N,mV,MEAN,SEM,N,mV,MEAN,SEM,N,mV,MEAN,SEM,N,mV,MEAN,SEM,N,mV,MEAN,SEM,N,mV,MEAN,SEM,N,mV,MEAN,SEM,N,mV,MEAN,SEM,N,mV,MEAN,SEM,N,mV,MEAN,SEM,N,mV,MEAN,SEM,N,mV,MEAN,SEM,N,mV,MEAN,SEM,N,mV,MEAN,SEM,N,mV,MEAN,SEM,N,mV,MEAN,SEM,N,mV,MEAN,SEM,N,mV,MEAN,SEM,N,mV,MEAN,SEM,N,mV,MEAN,SEM,N,mV,MEAN,SEM,N,mV,MEAN,SEM,N,mV,MEAN,SEM,N,mV,MEAN,SEM,N,mV,MEAN,SEM,N,mV,MEAN,SEM,N,mV,MEAN,SEM,N,mV,MEAN,SEM,N,mV,MEAN,SEM,N
GV,-120,0.003192087,0.000163583,531,-120,0.003290999,0.000142776,794,-120,0.002939213,0.000127682,788,-120,0.005159951,0.00072704,50,-120,0.005680821,0.001354841,15,-120,0.004050375,0.000876644,29,-120,0.00442727,0.000976788,42,-120,0.008531528,0.001561228,16,-120,0.006526354,0.001470047,21,-120,0.003740417,0.000808518,18,-120,0.006891599,0.00247611,21,-120,0.006098006,0.002423406,11,-120,0,0,0,-120,0.004800008,0.001299703,16,-120,0.003055331,0.001090671,15,-120,0.004190327,0.001310829,22,-120,0.005116131,0.001587936,22,-120,0.008911472,0.001417149,16,-120,0.003020425,0.000584741,26,-120,0.003911199,0.000923955,24,-120,0.006782566,0.001390328,12,-120,0.004445709,0.000724581,41,-120,0.005982349,0.000965801,26,-120,0.006237603,0.0008422,33,-120,0.005077974,0.000555829,49,-120,0.006248423,0.000848922,43,-120,0.005574442,0.000828858,31,-120,0.004698897,0.000693441,43,-120,0.006590778,0.000783719,49,-120,0.005119703,0.000994505,37,-120,0.004550934,0.000914593,44,-120,0.004363054,0.000792171,49,-120,0.00359376,0.000497986,46,-120,0.006113333,0.001572069,22,-120,0.013696195,0.003621827,5,-120,0.005746273,0.001013209,42,-120,0.004956899,0.000709401,38,-120,0.01225379,0.002227614,11,-120,0.007683765,0.001007955,55,-120,0.002882894,0.000901808,17,-120,0.003519648,0.001737509,25,-120,0.00275127,0.000563156,45,-120,0.003333711,0.000557468,42,-120,0.003284456,0.000634351,28,-120,0.003135685,0.000607664,41
GV,-110,0.003260846,0.000239163,531,-110,0.003493766,0.000159368,794,-110,0.003248762,0.000136131,788,-110,0.00555275,0.000674961,50,-110,0.00801562,0.001976419,15,-110,0.004695552,0.000855208,29,-110,0.00576737,0.000797318,42,-110,0.008619797,0.001785875,16,-110,0.007388071,0.001221588,21,-110,0.002784542,0.000760367,18,-110,0.005558345,0.001126569,21,-110,0.007848619,0.003043164,11,-110,0,0,0,-110,0.008184932,0.001500025,16,-110,0.003042188,0.000477087,15,-110,0.004150007,0.000984482,22,-110,0.00571267,0.001236446,22,-110,0.009973755,0.001665718,16,-110,0.0041101,0.000804509,26,-110,0.004814101,0.001109359,24,-110,0.005180318,0.000838847,12,-110,0.007152369,0.001107004,41,-110,0.007477475,0.001779534,26,-110,0.006610878,0.001278548,33,-110,0.007096515,0.000933965,49,-110,0.007851138,0.001097283,43,-110,0.007450954,0.00120318,31,-110,0.006019221,0.000921695,43,-110,0.006826677,0.000851129,49,-110,0.005224827,0.000901143,37,-110,0.006514617,0.001220464,44,-110,0.0045566,0.000653108,49,-110,0.00530625,0.000713882,46,-110,0.007628859,0.001180943,22,-110,0.013445108,0.001755057,5,-110,0.00600024,0.001012881,42,-110,0.005992703,0.000910681,38,-110,0.0173467,0.002921313,11,-110,0.00803066,0.000864813,55,-110,0.003943652,0.00126777,17,-110,0.003884371,0.001808991,25,-110,0.002279239,0.000473083,45,-110,0.003435948,0.000664954,42,-110,0.004406461,0.000803652,28,-110,0.003400591,0.000683549,41
GV,-100,0.004002376,0.000241522,531,-100,0.004327182,0.000186264,794,-100,0.003989017,0.000189627,788,-100,0.006860635,0.000836316,50,-100,0.011281922,0.002057192,15,-100,0.005939494,0.001066533,29,-100,0.007551539,0.000988913,42,-100,0.009591313,0.001652148,16,-100,0.009810935,0.002407113,21,-100,0.005991358,0.00164885,18,-100,0.008729674,0.001894106,21,-100,0.006906543,0.00127279,11,-100,0,0,0,-100,0.005426736,0.001500863,16,-100,0.005267059,0.001334616,15,-100,0.007701882,0.002184849,22,-100,0.008450049,0.001946503,22,-100,0.012565868,0.001959629,16,-100,0.005218222,0.000848861,26,-100,0.005776509,0.001342657,24,-100,0.009403509,0.00141687,12,-100,0.008507061,0.001072911,41,-100,0.011236732,0.001826367,26,-100,0.008444017,0.001152251,33,-100,0.00800802,0.001035185,49,-100,0.008604296,0.000919515,43,-100,0.007795074,0.001012753,31,-100,0.008395474,0.001014239,43,-100,0.01105141,0.001322233,49,-100,0.00737005,0.001318254,37,-100,0.007246736,0.001186343,44,-100,0.006626688,0.001041988,49,-100,0.00763229,0.001165691,46,-100,0.010207941,0.002935898,22,-100,0.018478628,0.001609632,5,-100,0.007230925,0.000977465,42,-100,0.007355088,0.000985403,38,-100,0.022037892,0.00289206,11,-100,0.009087124,0.000994691,55,-100,0.004836959,0.001144073,17,-100,0.007432474,0.001501297,25,-100,0.004099906,0.000684273,45,-100,0.004695942,0.000990867,42,-100,0.004497107,0.001119584,28,-100,0.004677249,0.000853443,41
GV,-90,0.004932096,0.000239437,531,-90,0.005844884,0.000283248,794,-90,0.005299256,0.000215455,788,-90,0.009118589,0.001203504,50,-90,0.015803938,0.003041278,15,-90,0.008667023,0.001679887,29,-90,0.009242801,0.001183547,42,-90,0.015488463,0.002908205,16,-90,0.009302745,0.001341244,21,-90,0.006736752,0.001640618,18,-90,0.013505024,0.002746523,21,-90,0.004707438,0.001932125,11,-90,0,0,0,-90,0.011238129,0.002600741,16,-90,0.006703518,0.001759759,15,-90,0.007572167,0.001997321,22,-90,0.010262532,0.001870429,22,-90,0.011313124,0.001910085,16,-90,0.005268305,0.000778567,26,-90,0.007506968,0.001652653,24,-90,0.012401696,0.002053019,12,-90,0.00938434,0.001199182,41,-90,0.013932206,0.001684614,26,-90,0.011451414,0.001655718,33,-90,0.008247745,0.000829866,49,-90,0.01015988,0.00109602,43,-90,0.011220785,0.001682883,31,-90,0.010890651,0.001453082,43,-90,0.012194491,0.001139931,49,-90,0.010214873,0.001667422,37,-90,0.009331158,0.001455735,44,-90,0.006978914,0.001113359,49,-90,0.010263452,0.001435815,46,-90,0.011548006,0.002165036,22,-90,0.027116323,0.003545491,5,-90,0.008354415,0.000992324,42,-90,0.010911676,0.001956371,38,-90,0.033933143,0.006321665,11,-90,0.012258459,0.001252605,55,-90,0.003933294,0.001569435,17,-90,0.007822147,0.00171082,25,-90,0.004936861,0.000969198,45,-90,0.005500655,0.000933667,42,-90,0.00570872,0.001351588,28,-90,0.004702195,0.000958327,41
GV,-80,0.006491911,0.000343083,531,-80,0.007196533,0.000305604,794,-80,0.006533195,0.000270396,788,-80,0.011382044,0.001254815,50,-80,0.018804533,0.00313081,15,-80,0.010024457,0.001768782,29,-80,0.011264357,0.001673351,42,-80,0.018892262,0.002445622,16,-80,0.013606983,0.002598516,21,-80,0.010517261,0.001878369,18,-80,0.015522523,0.002297747,21,-80,0.014426437,0.00286415,11,-80,0,0,0,-80,0.015195828,0.002936166,16,-80,0.008283004,0.001892537,15,-80,0.011520967,0.002972355,22,-80,0.01129721,0.001965851,22,-80,0.017992599,0.003275731,16,-80,0.008821934,0.001447515,26,-80,0.008023952,0.0015897,24,-80,0.015322302,0.002284154,12,-80,0.013424951,0.001402781,41,-80,0.017461228,0.002483377,26,-80,0.01365603,0.001989597,33,-80,0.014015531,0.001484516,49,-80,0.013189697,0.001630653,43,-80,0.013144478,0.002227176,31,-80,0.014077977,0.001780909,43,-80,0.016891052,0.00196368,49,-80,0.014994251,0.002782728,37,-80,0.011919566,0.002419754,44,-80,0.010921949,0.001728652,49,-80,0.012169656,0.001663122,46,-80,0.018939402,0.003233871,22,-80,0.033578686,0.004579343,5,-80,0.013751692,0.001679395,42,-80,0.013842996,0.001963952,38,-80,0.042659481,0.007476238,11,-80,0.016338394,0.001939686,55,-80,0.008945833,0.00287063,17,-80,0.01007729,0.001421369,25,-80,0.006558206,0.001093424,45,-80,0.007258549,0.001297535,42,-80,0.008665085,0.001572461,28,-80,0.005164474,0.001404423,41
GV,-70,0.008608777,0.00042676,531,-70,0.008578369,0.000365951,794,-70,0.00819667,0.00035903,788,-70,0.016935751,0.001788155,50,-70,0.026260844,0.005202671,15,-70,0.013888276,0.00273164,29,-70,0.015624871,0.001956281,42,-70,0.026872538,0.004990234,16,-70,0.01905373,0.00308868,21,-70,0.012314212,0.002702738,18,-70,0.021377087,0.005008197,21,-70,0.040733257,0.025553733,11,-70,0,0,0,-70,0.019440005,0.003621291,16,-70,0.010745232,0.001859528,15,-70,0.01533178,0.0044488,22,-70,0.017136584,0.003342784,22,-70,0.027829574,0.005374681,16,-70,0.009781292,0.001693778,26,-70,0.011061904,0.002884548,24,-70,0.018556369,0.003333856,12,-70,0.018404879,0.002060899,41,-70,0.020089559,0.002756097,26,-70,0.021901375,0.003118392,33,-70,0.0173616,0.001847858,49,-70,0.016473272,0.002434028,43,-70,0.018268228,0.002675802,31,-70,0.016118664,0.002247111,43,-70,0.022212198,0.002704101,49,-70,0.018735211,0.003341299,37,-70,0.016756919,0.003249896,44,-70,0.014167481,0.002411866,49,-70,0.01614922,0.002624877,46,-70,0.025278028,0.004037571,22,-70,0.03226473,0.005117793,5,-70,0.018418483,0.002287689,42,-70,0.017349416,0.00242787,38,-70,0.059343635,0.006946293,11,-70,0.020361644,0.002325587,55,-70,0.008759965,0.001824188,17,-70,0.01629334,0.003698901,25,-70,0.008891018,0.001988924,45,-70,0.009045579,0.001357585,42,-70,0.010962508,0.002012994,28,-70,0.006926129,0.001000961,41
GV,-60,0.010784757,0.000490208,531,-60,0.011278321,0.000593687,794,-60,0.010758991,0.000463222,788,-60,0.016892885,0.00421898,50,-60,0.029988324,0.005449064,15,-60,0.019028874,0.003644977,29,-60,0.019329437,0.002248212,42,-60,0.034396552,0.005568832,16,-60,0.022828477,0.004057869,21,-60,0.015912725,0.00374726,18,-60,0.029687331,0.00587555,21,-60,0.020200252,0.003862815,11,-60,0,0,0,-60,0.025320235,0.005015998,16,-60,0.014903431,0.00256262,15,-60,0.017417545,0.004690188,22,-60,0.022479552,0.004535221,22,-60,0.027551238,0.004113512,16,-60,0.012535333,0.001794111,26,-60,0.014558597,0.002811083,24,-60,0.022288729,0.002630289,12,-60,0.022024659,0.002426392,41,-60,0.029151727,0.004310115,26,-60,0.022987899,0.003230607,33,-60,0.024350961,0.002659607,49,-60,0.023340614,0.002923267,43,-60,0.023423329,0.003281648,31,-60,0.020667918,0.003037639,43,-60,0.0302411,0.003672857,49,-60,0.023290417,0.004184595,37,-60,0.019967354,0.003567144,44,-60,0.018449525,0.003241788,49,-60,0.020096246,0.003063939,46,-60,0.033212619,0.005182469,22,-60,0.04646936,0.001988196,5,-60,0.024056086,0.003227137,42,-60,0.02157944,0.003255674,38,-60,0.065374804,0.013479645,11,-60,0.025053963,0.002539088,55,-60,0.013954933,0.003875312,17,-60,0.014828422,0.002509099,25,-60,0.010771344,0.001846288,45,-60,0.011602221,0.002301387,42,-60,0.015121617,0.004664525,28,-60,0.00833733,0.001233327,41
GV,-50,0.014062382,0.000640988,531,-50,0.015529884,0.001262449,794,-50,0.013096817,0.000533321,788,-50,0.024747389,0.002488128,50,-50,0.03699873,0.006003182,15,-50,0.021451688,0.003385981,29,-50,0.024615597,0.003337375,42,-50,0.037915568,0.004507844,16,-50,0.031292296,0.005231113,21,-50,0.023787162,0.004625404,18,-50,0.03276585,0.00582122,21,-50,0.025225813,0.005371176,11,-50,0,0,0,-50,0.031046019,0.005820824,16,-50,0.021802508,0.005207213,15,-50,0.023529321,0.005330561,22,-50,0.028318,0.005435272,22,-50,0.033110609,0.004875508,16,-50,0.019015236,0.003163325,26,-50,0.019559496,0.004447518,24,-50,0.027861249,0.004580013,12,-50,0.037876375,0.004428351,41,-50,0.044773523,0.006751143,26,-50,0.031131567,0.005117551,33,-50,0.033101538,0.004171728,49,-50,0.030708357,0.004110354,43,-50,0.030188596,0.004169907,31,-50,0.026117223,0.004031963,43,-50,0.039277131,0.004773073,49,-50,0.032300766,0.006855355,37,-50,0.027067062,0.004786428,44,-50,0.022583793,0.003807945,49,-50,0.027625217,0.004240084,46,-50,0.043820897,0.008287923,22,-50,0.069728098,0.005368172,5,-50,0.0335395,0.003912627,42,-50,0.025650116,0.003809007,38,-50,0.098112742,0.018594634,11,-50,0.037648485,0.004031271,55,-50,0.018931736,0.005440954,17,-50,0.018469797,0.002743718,25,-50,0.013982644,0.002533896,45,-50,0.014808016,0.003122594,42,-50,0.013462939,0.002161254,28,-50,0.011707511,0.002396933,41
GV,-40,0.026745802,0.002449685,531,-40,0.028703829,0.002169944,794,-40,0.022471805,0.001603821,788,-40,0.038077766,0.004731605,50,-40,0.05325322,0.009119056,15,-40,0.033840263,0.006057192,29,-40,0.032289374,0.003834584,42,-40,0.065949816,0.008290083,16,-40,0.033627522,0.00529887,21,-40,0.030026125,0.005403228,18,-40,0.050407741,0.008259485,21,-40,0.0322198,0.006658639,11,-40,0,0,0,-40,0.037981284,0.006441998,16,-40,0.021010528,0.006136097,15,-40,0.030086409,0.006185311,22,-40,0.037341229,0.007608839,22,-40,0.05388088,0.008410622,16,-40,0.037952796,0.00803674,26,-40,0.040358463,0.008557244,24,-40,0.060449519,0.012965631,12,-40,0.098024792,0.024119851,41,-40,0.08549429,0.014061002,26,-40,0.0608027,0.008571865,33,-40,0.081838939,0.012860602,49,-40,0.059058744,0.007376017,43,-40,0.07912612,0.02640959,31,-40,0.045460936,0.007509285,43,-40,0.0614519,0.007226106,49,-40,0.045074855,0.007461039,37,-40,0.037731222,0.006476576,44,-40,0.048710285,0.019344191,49,-40,0.040889809,0.006595972,46,-40,0.062338113,0.008833862,22,-40,0.123980656,0.023303733,5,-40,0.052398464,0.007482379,42,-40,0.045390683,0.007089149,38,-40,0.140868628,0.022861961,11,-40,0.050690888,0.005347821,55,-40,0.02495304,0.006672479,17,-40,0.032516629,0.006302657,25,-40,0.023757395,0.004246719,45,-40,0.022777,0.004087615,42,-40,0.026896183,0.008177566,28,-40,0.018046794,0.002951977,41
GV,-30,0.088118003,0.007532786,531,-30,0.096277549,0.006072054,794,-30,0.067431418,0.005134102,788,-30,0.088341469,0.017169815,50,-30,0.089224782,0.013640006,15,-30,0.061435177,0.012410017,29,-30,0.067851516,0.015488363,42,-30,0.098086174,0.014505459,16,-30,0.064706746,0.011714096,21,-30,0.043551521,0.008817166,18,-30,0.108396586,0.037572446,21,-30,0.046184968,0.008667125,11,-30,0,0,0,-30,0.066919859,0.011120559,16,-30,0.03718694,0.007930503,15,-30,0.076838179,0.015429862,22,-30,0.093129498,0.018847334,22,-30,0.155164275,0.021080122,16,-30,0.126536861,0.031690271,26,-30,0.253421835,0.057814569,24,-30,0.139489586,0.031101171,12,-30,0.219203037,0.032142384,41,-30,0.183764044,0.02352271,26,-30,0.143978039,0.017672129,33,-30,0.267347264,0.032183283,49,-30,0.158930774,0.016175594,43,-30,0.218819882,0.038663666,31,-30,0.108796738,0.014180527,43,-30,0.132495853,0.014980987,49,-30,0.140100641,0.030122902,37,-30,0.100192872,0.022208042,44,-30,0.11404553,0.031257804,49,-30,0.076732767,0.014195647,46,-30,0.120191423,0.015793678,22,-30,0.18487832,0.03822988,5,-30,0.089685194,0.013280245,42,-30,0.104984419,0.022506253,38,-30,0.254770738,0.03293289,11,-30,0.135340809,0.016050152,55,-30,0.098199204,0.047180974,17,-30,0.086705536,0.019130438,25,-30,0.096515595,0.024213558,45,-30,0.094185346,0.024015098,42,-30,0.070464186,0.013522167,28,-30,0.108059257,0.034360635,41
GV,-20,0.333143095,0.013747341,531,-20,0.345913804,0.01063131,794,-20,0.274352994,0.011018924,788,-20,0.188843221,0.028457887,50,-20,0.179961426,0.030865188,15,-20,0.17149467,0.031996126,29,-20,0.138760512,0.018811685,42,-20,0.201484597,0.028733157,16,-20,0.19782506,0.023820509,21,-20,0.088979383,0.018357974,18,-20,0.196537051,0.041404277,21,-20,0.118604932,0.024769157,11,-20,0,0,0,-20,0.1265658,0.024909826,16,-20,0.087253569,0.018269434,15,-20,0.359066998,0.05438628,22,-20,0.304296095,0.043856559,22,-20,0.36143679,0.034644779,16,-20,0.464941604,0.066230414,26,-20,0.654068654,0.056004858,24,-20,0.356021062,0.039988997,12,-20,0.455694409,0.037967164,41,-20,0.352594314,0.030745379,26,-20,0.452712598,0.033670147,33,-20,0.607657535,0.033217996,49,-20,0.452672223,0.027679259,43,-20,0.520701484,0.042951278,31,-20,0.335566485,0.034661059,43,-20,0.295283863,0.029499254,49,-20,0.403843068,0.042377721,37,-20,0.273938586,0.043540088,44,-20,0.244605739,0.040391092,49,-20,0.225286213,0.033607958,46,-20,0.36295347,0.048057344,22,-20,0.335035133,0.035391046,5,-20,0.25878843,0.034536658,42,-20,0.235295808,0.034953933,38,-20,0.445693159,0.043715214,11,-20,0.382685387,0.030658184,55,-20,0.239071351,0.062561543,17,-20,0.284582874,0.035745213,25,-20,0.400909232,0.043519817,45,-20,0.382463989,0.049851585,42,-20,0.306529931,0.040657448,28,-20,0.465727945,0.055173053,41
GV,-10,0.668528515,0.011789867,531,-10,0.661625359,0.008737408,794,-10,0.597986642,0.010287229,788,-10,0.48848155,0.036218115,50,-10,0.332761208,0.036289314,15,-10,0.568370732,0.046514149,29,-10,0.494064175,0.039927441,42,-10,0.440594371,0.043998692,16,-10,0.580191948,0.028445053,21,-10,0.301864463,0.066077027,18,-10,0.499627037,0.053969849,21,-10,0.326604997,0.062709976,11,-10,0,0,0,-10,0.274527293,0.039815785,16,-10,0.368796876,0.063739063,15,-10,0.745627644,0.045752744,22,-10,0.607320058,0.04167609,22,-10,0.639580832,0.031960262,16,-10,0.80658029,0.044696428,26,-10,0.897443422,0.030197251,24,-10,0.661525358,0.040146891,12,-10,0.716210084,0.027861238,41,-10,0.640381452,0.034520706,26,-10,0.761319667,0.022562823,33,-10,0.83444015,0.020551454,49,-10,0.768030711,0.02127343,43,-10,0.764884094,0.031881507,31,-10,0.632934834,0.034722357,43,-10,0.546807481,0.031696592,49,-10,0.709328016,0.036231294,37,-10,0.492419239,0.043682569,44,-10,0.566060434,0.041593796,49,-10,0.528733315,0.039644451,46,-10,0.642404668,0.038306286,22,-10,0.561848815,0.01600066,5,-10,0.534618292,0.039141916,42,-10,0.542323369,0.043085539,38,-10,0.709717005,0.051960908,11,-10,0.656995713,0.027487276,55,-10,0.623100305,0.062128838,17,-10,0.637854679,0.038236633,25,-10,0.794906371,0.028865643,45,-10,0.708581362,0.038063054,42,-10,0.635648385,0.035039817,28,-10,0.78084954,0.034816051,41
GV,0,0.87800795,0.007243379,531,0,0.858387756,0.00503677,794,0,0.832237952,0.006036734,788,0,0.749888528,0.025543641,50,0,0.622244283,0.028082836,15,0,0.805264625,0.030513535,29,0,0.777186346,0.026261736,42,0,0.75574515,0.030255596,16,0,0.81790469,0.020964381,21,0,0.598877678,0.050341056,18,0,0.744665436,0.037797854,21,0,0.667597553,0.044694745,11,0,0,0,0,0,0.659866008,0.045490569,16,0,0.731195139,0.041221281,15,0,0.935522262,0.024599891,22,0,0.836296999,0.030799499,22,0,0.822762163,0.033377703,16,0,0.959238279,0.025957785,26,0,1.015761288,0.026130944,24,0,0.837629327,0.033854375,12,0,0.875053725,0.019370232,41,0,0.84943934,0.025289251,26,0,0.903159448,0.0153562,33,0,0.932149299,0.015740666,49,0,0.93452213,0.016721154,43,0,0.908772226,0.024377952,31,0,0.845179769,0.02683061,43,0,0.785613587,0.024667619,49,0,0.870469865,0.027215136,37,0,0.738122325,0.028088918,44,0,0.817388812,0.026756203,49,0,0.798966076,0.022579972,46,0,0.83426274,0.03029947,22,0,0.698251861,0.07030951,5,0,0.75938142,0.025054789,42,0,0.781419247,0.028498226,38,0,0.810881021,0.031863388,11,0,0.845703788,0.01983075,55,0,0.887695231,0.04048949,17,0,0.872319593,0.023611852,25,0,0.956996589,0.017531132,45,0,0.907335627,0.020471712,42,0,0.846011306,0.021775112,28,0,0.936171891,0.017884528,41
GV,10,0.970502891,0.004498651,531,10,0.954968817,0.003010712,794,10,0.950989753,0.003354965,788,10,0.91297109,0.014898753,50,10,0.874396002,0.024852355,15,10,0.947455667,0.020232591,29,10,0.932325838,0.015825383,42,10,0.945076813,0.019463231,16,10,0.911193931,0.015341113,21,10,0.829889703,0.027309589,18,10,0.900872544,0.023219397,21,10,0.876933653,0.03116411,11,10,0,0,0,10,0.859517447,0.026956118,16,10,0.875393344,0.034983403,15,10,1.010459106,0.015538097,22,10,0.950231693,0.021350359,22,10,0.950986337,0.027882576,16,10,1.006077378,0.017603363,26,10,1.037003188,0.018764237,24,10,0.938980357,0.032222517,12,10,0.933407696,0.016619471,41,10,0.96234185,0.021093393,26,10,0.968677617,0.017689367,33,10,0.986895225,0.014840604,49,10,0.986510872,0.013568322,43,10,0.966237532,0.017870795,31,10,0.963765585,0.018295447,43,10,0.913119033,0.019594194,49,10,0.940606672,0.015467113,37,10,0.898357724,0.015547805,44,10,0.92753441,0.014573593,49,10,0.934052651,0.013702646,46,10,0.94035339,0.02709947,22,10,0.791791106,0.071628572,5,10,0.908529576,0.017683833,42,10,0.90931246,0.022004079,38,10,0.914405382,0.046421261,11,10,0.948482718,0.015526971,55,10,1.017768217,0.032607699,17,10,0.995268104,0.022180101,25,10,1.017990345,0.014292957,45,10,1.000493342,0.012701484,42,10,0.967072268,0.013868804,28,10,0.996911286,0.01034127,41
GV,20,1.001216628,0.002841256,531,20,0.991178349,0.002161866,794,20,0.99205311,0.002137338,788,20,0.979914565,0.009564653,50,20,0.968622492,0.029864395,15,20,0.99253846,0.012385796,29,20,1.007163178,0.00999072,42,20,0.994362646,0.01773888,16,20,0.979862274,0.011140749,21,20,0.96636419,0.013414319,18,20,0.995667733,0.015442511,21,20,0.990033871,0.020264336,11,20,0,0,0,20,0.947510523,0.018918929,16,20,0.982337678,0.009790784,15,20,1.014008449,0.012556583,22,20,1.008550928,0.017020863,22,20,0.993172952,0.018820896,16,20,1.024062472,0.013959203,26,20,1.019582694,0.012498744,24,20,1.006878739,0.022999672,12,20,0.981958495,0.013188935,41,20,1.015900993,0.014216738,26,20,1.0056631,0.013759772,33,20,1.016257397,0.011623131,49,20,1.00464563,0.012308446,43,20,0.997439882,0.01254346,31,20,0.997466105,0.012369227,43,20,0.989532122,0.0164571,49,20,0.987557336,0.010494559,37,20,0.965013159,0.013451989,44,20,0.990519637,0.009181184,49,20,0.99192799,0.013512778,46,20,0.992459305,0.020405155,22,20,0.935155465,0.048140038,5,20,0.98011285,0.013691955,42,20,0.974214135,0.011352187,38,20,1.054722385,0.046627802,11,20,0.99179852,0.013234364,55,20,1.04533621,0.014908686,17,20,1.037070009,0.022903083,25,20,1.024183937,0.010880452,45,20,1.014885992,0.012134483,42,20,1.006298874,0.010882092,28,20,1.007078011,0.009091498,41
GV,30,1.000309718,0.003518893,531,30,1.002364243,0.002495375,794,30,1.00228295,0.00266928,788,30,1.006177198,0.013516321,50,30,0.974113623,0.025581887,15,30,0.996647661,0.014104712,29,30,1.018265136,0.015526404,42,30,1.004083238,0.029967272,16,30,1.000146855,0.019528824,21,30,0.99310062,0.015131184,18,30,1.006301826,0.016702083,21,30,1.023333752,0.025200439,11,30,0,0,0,30,1.006239844,0.024151835,16,30,0.981195608,0.016799545,15,30,1.026078781,0.018184948,22,30,1.015766095,0.021549557,22,30,1.023548209,0.030382509,16,30,1.021819821,0.019030437,26,30,1.016544905,0.018226662,24,30,0.989701906,0.029944413,12,30,0.974005556,0.015871806,41,30,1.031768771,0.019053569,26,30,1.021195141,0.019957048,33,30,1.004199978,0.014702356,49,30,1.016514531,0.01824427,43,30,1.005593466,0.019136364,31,30,1.019926872,0.016438303,43,30,0.994314917,0.018896342,49,30,0.996263345,0.012743818,37,30,0.975443239,0.015382071,44,30,0.993185344,0.011621593,49,30,1.012905733,0.015227619,46,30,1.020205157,0.031578467,22,30,0.868012827,0.112206617,5,30,0.979338732,0.015989368,42,30,1.00395406,0.01085461,38,30,1.047525165,0.057817096,11,30,1.017288987,0.015842355,55,30,1.036826992,0.016071396,17,30,1.050848844,0.021179125,25,30,1.023222953,0.010992833,45,30,1.02258661,0.010616547,42,30,1.012492605,0.012261214,28,30,1.000711355,0.007445504,41
GV,40,1,0,531,40,1,0,794,40,1,0,788,40,1,0,50,40,1,0,15,40,1,0,29,40,1,0,42,40,1,0,16,40,1,0,21,40,1,0,18,40,1,0,21,40,1,0,11,40,0,0,0,40,1,0,16,40,1,0,15,40,1,0,22,40,1,0,22,40,1,0,16,40,1,0,26,40,1,0,24,40,1,0,12,40,1,0,41,40,1,0,26,40,1,0,33,40,1,0,49,40,1,0,43,40,1,0,31,40,1,0,43,40,1,0,49,40,1,0,37,40,1,0,44,40,1,0,49,40,1,0,46,40,1,0,22,40,1,0,5,40,1,0,42,40,1,0,38,40,1,0,11,40,1,0,55,40,1,0,17,40,1,0,25,40,1,0,45,40,1,0,42,40,1,0,28,40,1,0,41
SSI,V (mV),MEAN,SEM,N,V (mV),MEAN,SEM,N,V (mV),MEAN,SEM,N,V (mV),MEAN,SEM,N,V (mV),MEAN,SEM,N,V (mV),MEAN,SEM,N,V (mV),MEAN,SEM,N,V (mV),MEAN,SEM,N,V (mV),MEAN,SEM,N,V (mV),MEAN,SEM,N,V (mV),MEAN,SEM,N,V (mV),MEAN,SEM,N,V (mV),MEAN,SEM,N,V (mV),MEAN,SEM,N,V (mV),MEAN,SEM,N,V (mV),MEAN,SEM,N,V (mV),MEAN,SEM,N,V (mV),MEAN,SEM,N,V (mV),MEAN,SEM,N,V (mV),MEAN,SEM,N,V (mV),MEAN,SEM,N,V (mV),MEAN,SEM,N,V (mV),MEAN,SEM,N,V (mV),MEAN,SEM,N,V (mV),MEAN,SEM,N,V (mV),MEAN,SEM,N,V (mV),MEAN,SEM,N,V (mV),MEAN,SEM,N,V (mV),MEAN,SEM,N,V (mV),MEAN,SEM,N,V (mV),MEAN,SEM,N,V (mV),MEAN,SEM,N,V (mV),MEAN,SEM,N,V (mV),MEAN,SEM,N,V (mV),MEAN,SEM,N,V (mV),MEAN,SEM,N,V (mV),MEAN,SEM,N,V (mV),MEAN,SEM,N,V (mV),MEAN,SEM,N,V (mV),MEAN,SEM,N,V (mV),MEAN,SEM,N,V (mV),MEAN,SEM,N,V (mV),MEAN,SEM,N,V (mV),MEAN,SEM,N,V (mV),MEAN,SEM,N
SSI,-120,0.977075891,0.001200891,645,-120,0.978117424,0.001001567,894,-120,0.972954874,0.001006338,856,-120,0.941455422,0.007288254,58,-120,0.909982167,0.017369745,9,-120,0.962702077,0.00452631,36,-120,0.949002236,0.006597511,46,-120,0.930626464,0.012180581,14,-120,0.966101343,0.007411805,27,-120,0.933737648,0.012751185,21,-120,0.898669618,0.015231275,26,-120,0.911922989,0.019053225,16,-120,0.902636765,0.022829073,2,-120,0.913864995,0.019610479,11,-120,0.949720504,0.011913972,17,-120,0.967679896,0.004950069,57,-120,0.951463019,0.007533716,57,-120,0.94155471,0.009282286,34,-120,0.965072543,0.0057579,63,-120,0.972146013,0.005139332,63,-120,0.949208394,0.009491561,28,-120,0.963560011,0.005052586,53,-120,0.958719091,0.008548577,22,-120,0.9572209,0.006171658,50,-120,0.960054606,0.006442008,61,-120,0.955903314,0.006221905,60,-120,0.951005415,0.007089321,53,-120,0.953304766,0.006324539,52,-120,0.935324338,0.0080063,53,-120,0.947337056,0.007202333,62,-120,0.946268444,0.008462778,54,-120,0.95028099,0.00615524,60,-120,0.934196571,0.008147904,70,-120,0.956381122,0.011823369,21,-120,0.912529551,0,1,-120,0.941599498,0.008422452,41,-120,0.939431765,0.01006401,46,-120,0.888003787,0.039243422,9,-120,0.975812912,0.004348699,52,-120,0.970995373,0.005146252,33,-120,0.965631722,0.00553112,38,-120,0.966352271,0.004821012,58,-120,0.978713486,0.003727946,61,-120,0.97387731,0.004855829,34,-120,0.970064507,0.004140587,63
SSI,-110,0.975125406,0.001230888,645,-110,0.976646268,0.001057986,894,-110,0.974075928,0.001010959,856,-110,0.947376447,0.006316761,58,-110,0.926037542,0.014303789,9,-110,0.950778373,0.008859733,36,-110,0.957412553,0.006416101,46,-110,0.929719267,0.017264799,14,-110,0.958796934,0.007903803,27,-110,0.948490955,0.011023494,21,-110,0.918128612,0.011087883,26,-110,0.916614621,0.01232487,16,-110,0.8965301,0.059991639,2,-110,0.931148022,0.013525227,11,-110,0.928285416,0.014104808,17,-110,0.970926004,0.00481223,57,-110,0.960454997,0.005678938,57,-110,0.965960032,0.008149337,34,-110,0.969798641,0.004554886,63,-110,0.972464549,0.004371715,63,-110,0.94332691,0.011117113,28,-110,0.963226272,0.005532125,53,-110,0.946480733,0.008378262,22,-110,0.953697878,0.007575001,50,-110,0.970365384,0.005010367,61,-110,0.970170266,0.004533059,60,-110,0.956521906,0.008020567,53,-110,0.957326448,0.00716078,52,-110,0.951939453,0.006960296,53,-110,0.944888134,0.008930908,62,-110,0.961699244,0.005893262,54,-110,0.953835943,0.007848795,60,-110,0.955799998,0.006056597,70,-110,0.963704619,0.00793147,21,-110,0.995271868,0,1,-110,0.952302885,0.008190229,41,-110,0.954958784,0.00786721,46,-110,0.971776553,0.021485277,9,-110,0.968836628,0.006961366,52,-110,0.964335732,0.006220564,33,-110,0.97709527,0.004078502,38,-110,0.973810826,0.00354399,58,-110,0.982001565,0.002716531,61,-110,0.981230433,0.004107916,34,-110,0.97292554,0.003021046,63
SSI,-100,0.974715387,0.001230538,645,-100,0.974870959,0.001059724,894,-100,0.97391838,0.001061103,856,-100,0.963682506,0.005780459,58,-100,0.957282382,0.013145828,9,-100,0.963604073,0.007933231,36,-100,0.956741781,0.006788642,46,-100,0.943897475,0.012531303,14,-100,0.968498718,0.007990117,27,-100,0.943111445,0.008708723,21,-100,0.942880739,0.010155206,26,-100,0.955465759,0.011835651,16,-100,0.97826087,0.02173913,2,-100,0.943517591,0.017260653,11,-100,0.932877318,0.019568672,17,-100,0.965196109,0.007013533,57,-100,0.962237272,0.005612298,57,-100,0.949152167,0.009602171,34,-100,0.968914174,0.007034449,63,-100,0.975183026,0.004326073,63,-100,0.949509174,0.011960232,28,-100,0.962542051,0.0065085,53,-100,0.95875078,0.011349357,22,-100,0.962154544,0.006700836,50,-100,0.967620165,0.006207564,61,-100,0.967115563,0.005584919,60,-100,0.966492213,0.005216417,53,-100,0.956477696,0.006896008,52,-100,0.949318034,0.007116967,53,-100,0.940340849,0.008459236,62,-100,0.945673885,0.00760935,54,-100,0.958984558,0.005603697,60,-100,0.957866342,0.006540281,70,-100,0.958046182,0.012531932,21,-100,0.947990544,0,1,-100,0.964538222,0.006322204,41,-100,0.974423027,0.00413357,46,-100,0.938712553,0.026391916,9,-100,0.95966217,0.007672751,52,-100,0.963301836,0.009885275,33,-100,0.968640971,0.005573242,38,-100,0.97411906,0.003903599,58,-100,0.977804749,0.004036057,61,-100,0.975210418,0.003643704,34,-100,0.974634912,0.004103013,63
SSI,-90,0.967993483,0.001645506,645,-90,0.967773131,0.001337553,894,-90,0.971385645,0.001306665,856,-90,0.96380879,0.005951596,58,-90,0.947157754,0.014934184,9,-90,0.963866859,0.00855664,36,-90,0.958269662,0.00740546,46,-90,0.971529488,0.011673295,14,-90,0.971279405,0.003973993,27,-90,0.956329179,0.011454793,21,-90,0.964594605,0.01044016,26,-90,0.954697539,0.012550862,16,-90,0.925779384,0.055587076,2,-90,0.945409382,0.012257632,11,-90,0.940309451,0.014698744,17,-90,0.965401775,0.00598677,57,-90,0.959855666,0.006638844,57,-90,0.946460742,0.009656903,34,-90,0.957233349,0.008142268,63,-90,0.975862734,0.003823523,63,-90,0.933355919,0.013557408,28,-90,0.949108755,0.0075612,53,-90,0.962173195,0.010479433,22,-90,0.958091182,0.007900541,50,-90,0.964431106,0.005457277,61,-90,0.950518508,0.007356015,60,-90,0.963063816,0.007032426,53,-90,0.950951056,0.007594262,52,-90,0.96174581,0.005885259,53,-90,0.947821049,0.00832767,62,-90,0.949947283,0.009272205,54,-90,0.952955331,0.007366819,60,-90,0.954773052,0.007779875,70,-90,0.944072171,0.010229892,21,-90,1,0,1,-90,0.95947676,0.005235893,41,-90,0.954365591,0.009353567,46,-90,0.933688243,0.019639457,9,-90,0.949561648,0.010121533,52,-90,0.961228483,0.00743574,33,-90,0.960397476,0.009560861,38,-90,0.974384564,0.004144179,58,-90,0.975120763,0.005126342,61,-90,0.968311156,0.009127147,34,-90,0.976773003,0.004488327,63
SSI,-80,0.956737172,0.002148703,645,-80,0.951633876,0.001839991,894,-80,0.964172387,0.001708083,856,-80,0.949413189,0.007610948,58,-80,0.965235561,0.015712318,9,-80,0.961300896,0.009012461,36,-80,0.952869227,0.011542761,46,-80,0.956754464,0.013594703,14,-80,0.962747805,0.006549417,27,-80,0.963512782,0.011148836,21,-80,0.950031988,0.010852009,26,-80,0.956035751,0.013292857,16,-80,0.900531534,0.006300764,2,-80,0.965242124,0.010850799,11,-80,0.970210765,0.007166976,17,-80,0.962966587,0.005343267,57,-80,0.93941036,0.007541074,57,-80,0.894371539,0.016216928,34,-80,0.935990109,0.009751779,63,-80,0.953274319,0.00683295,63,-80,0.885904884,0.021153193,28,-80,0.926665831,0.011004061,53,-80,0.914428365,0.018070939,22,-80,0.91640259,0.014282916,50,-80,0.932590595,0.008638261,61,-80,0.931943905,0.006820623,60,-80,0.936138009,0.008638167,53,-80,0.949076644,0.0074639,52,-80,0.932279726,0.009083307,53,-80,0.940814976,0.008857693,62,-80,0.938876832,0.010443536,54,-80,0.954298501,0.008532707,60,-80,0.938303147,0.011094402,70,-80,0.944513438,0.010655254,21,-80,1,0,1,-80,0.957776671,0.007012852,41,-80,0.944290869,0.01212782,46,-80,0.884411668,0.0338025,9,-80,0.910867388,0.014526039,52,-80,0.961983453,0.008022746,33,-80,0.941902481,0.011681444,38,-80,0.974097906,0.004753246,58,-80,0.960495422,0.00748978,61,-80,0.948487066,0.015601154,34,-80,0.965843699,0.006910436,63
SSI,-70,0.916771267,0.003846043,645,-70,0.913451206,0.002906488,894,-70,0.938011397,0.002876672,856,-70,0.936899302,0.010979331,58,-70,0.933627724,0.020471289,9,-70,0.937198814,0.010657312,36,-70,0.948821809,0.008507696,46,-70,0.935893931,0.011567656,14,-70,0.911340942,0.010201429,27,-70,0.964532757,0.01396527,21,-70,0.91818693,0.013423374,26,-70,0.920592925,0.029627064,16,-70,0.84375,0.15625,2,-70,0.95117285,0.014597169,11,-70,0.921691367,0.026319516,17,-70,0.921965645,0.010924438,57,-70,0.885349732,0.013112913,57,-70,0.745453382,0.030355986,34,-70,0.871379809,0.017012139,63,-70,0.903543909,0.014181219,63,-70,0.743854545,0.034347324,28,-70,0.850683443,0.019137518,53,-70,0.822727698,0.031731543,22,-70,0.840530012,0.019231272,50,-70,0.853852796,0.016671003,61,-70,0.842124338,0.015615854,60,-70,0.83168639,0.019070122,53,-70,0.880263009,0.017766514,52,-70,0.849612201,0.017504609,53,-70,0.880428437,0.015654063,62,-70,0.900143457,0.013516131,54,-70,0.939838623,0.010928194,60,-70,0.919471556,0.013841469,70,-70,0.914161617,0.018471847,21,-70,0.867612293,0,1,-70,0.922185063,0.011510118,41,-70,0.90999068,0.01915069,46,-70,0.814893188,0.060349313,9,-70,0.821827464,0.021282208,52,-70,0.913734886,0.012980165,33,-70,0.873037549,0.026570292,38,-70,0.932041546,0.011003515,58,-70,0.92290523,0.011131045,61,-70,0.894217669,0.018924032,34,-70,0.944016879,0.008328437,63
SSI,-60,0.81845106,0.006666554,645,-60,0.838015602,0.004552678,894,-60,0.88486777,0.004624044,856,-60,0.877637121,0.017742102,58,-60,0.820105574,0.048462179,9,-60,0.879911015,0.018837514,36,-60,0.905902083,0.018332886,46,-60,0.835707239,0.027776065,14,-60,0.774931356,0.02372417,27,-60,0.911839026,0.025757406,21,-60,0.794597909,0.027652606,26,-60,0.903643572,0.023366572,16,-60,0.548366579,0.043558887,2,-60,0.895195196,0.031793871,11,-60,0.876657767,0.029910686,17,-60,0.846370927,0.015368024,57,-60,0.770780072,0.024601428,57,-60,0.542776686,0.031466039,34,-60,0.730021851,0.02580816,63,-60,0.764991155,0.023467074,63,-60,0.555298973,0.036356663,28,-60,0.731672707,0.027625664,53,-60,0.726187792,0.040737169,22,-60,0.691461162,0.030283762,50,-60,0.75573931,0.022796642,61,-60,0.702060458,0.024898061,60,-60,0.667200896,0.030337543,53,-60,0.723181489,0.027233262,52,-60,0.747041434,0.026037617,53,-60,0.782070587,0.022995446,62,-60,0.813558498,0.022945128,54,-60,0.882585196,0.014253233,60,-60,0.857938379,0.019043259,70,-60,0.794337476,0.038107104,21,-60,0.763593381,0,1,-60,0.851785897,0.025899808,41,-60,0.826991885,0.022875801,46,-60,0.53265269,0.063602368,9,-60,0.619411747,0.03042154,52,-60,0.822174794,0.023186369,33,-60,0.753585487,0.035316227,38,-60,0.845837188,0.020145124,58,-60,0.816854438,0.021539535,61,-60,0.749583831,0.02944254,34,-60,0.857349291,0.019601323,63
SSI,-50,0.615350581,0.009130815,645,-50,0.710489249,0.006342771,894,-50,0.778937385,0.006599843,856,-50,0.747593792,0.023715258,58,-50,0.674648419,0.082532023,9,-50,0.759026459,0.028338514,36,-50,0.82034778,0.027696369,46,-50,0.631728308,0.037308479,14,-50,0.507935952,0.03300719,27,-50,0.847873104,0.029168076,21,-50,0.599834501,0.035710731,26,-50,0.775230771,0.051543022,16,-50,0.281960702,0.013691472,2,-50,0.786613346,0.063288146,11,-50,0.765863126,0.043379704,17,-50,0.675916644,0.024840638,57,-50,0.654645493,0.028763991,57,-50,0.33870159,0.023567612,34,-50,0.510547578,0.031490678,63,-50,0.506121934,0.02991422,63,-50,0.319482746,0.03050008,28,-50,0.563205772,0.029084662,53,-50,0.621392227,0.052227292,22,-50,0.527696896,0.03109408,50,-50,0.622220927,0.027291141,61,-50,0.501603477,0.027530805,60,-50,0.478107892,0.029809443,53,-50,0.55895912,0.029587956,52,-50,0.624059861,0.030777429,53,-50,0.658039716,0.029090517,62,-50,0.660145,0.032814884,54,-50,0.758464268,0.024716582,60,-50,0.775228181,0.024456901,70,-50,0.635395629,0.049882373,21,-50,0.505910165,0,1,-50,0.786626195,0.035634469,41,-50,0.681217571,0.032988456,46,-50,0.322865749,0.045507096,9,-50,0.374559019,0.028689984,52,-50,0.64418322,0.032972622,33,-50,0.581662807,0.038287924,38,-50,0.690758689,0.027555178,58,-50,0.592041939,0.032146128,61,-50,0.522090148,0.033494579,34,-50,0.685337937,0.02989526,63
SSI,-40,0.317315924,0.008232499,645,-40,0.494564003,0.007260254,894,-40,0.581151888,0.008186172,856,-40,0.575233105,0.028498457,58,-40,0.557235968,0.088959876,9,-40,0.542924837,0.030378927,36,-40,0.671149533,0.029200478,46,-40,0.384635924,0.032801943,14,-40,0.234986161,0.02186119,27,-40,0.712334788,0.037264334,21,-40,0.342804131,0.029280777,26,-40,0.599488519,0.074298195,16,-40,0.27563157,0.029958493,2,-40,0.65359822,0.066072031,11,-40,0.658348717,0.052476948,17,-40,0.368937569,0.025198367,57,-40,0.45597392,0.025629671,57,-40,0.165337008,0.013078269,34,-40,0.251199319,0.022731529,63,-40,0.198599578,0.018575906,63,-40,0.173697685,0.012651392,28,-40,0.304096158,0.026284266,53,-40,0.466670369,0.051847385,22,-40,0.290488394,0.022248681,50,-40,0.394426699,0.02542743,61,-40,0.238121639,0.020024263,60,-40,0.237687695,0.01799219,53,-40,0.315285941,0.025305833,52,-40,0.454266359,0.029582118,53,-40,0.449163343,0.027053684,62,-40,0.437950011,0.03434075,54,-40,0.56230751,0.031686535,60,-40,0.618038007,0.028826438,70,-40,0.380887451,0.034639796,21,-40,0.238770686,0,1,-40,0.606979286,0.037402336,41,-40,0.428077769,0.031422437,46,-40,0.160190105,0.014234674,9,-40,0.169661627,0.017165528,52,-40,0.352721619,0.03377892,33,-40,0.364726411,0.035898855,38,-40,0.413133745,0.029263089,58,-40,0.303154483,0.027997034,61,-40,0.25581783,0.029370355,34,-40,0.372971215,0.028924923,63
SSI,-30,0.10342916,0.003956876,645,-30,0.224533482,0.005090699,894,-30,0.297026185,0.006982846,856,-30,0.279974015,0.02247083,58,-30,0.366455896,0.068007423,9,-30,0.224531729,0.018604932,36,-30,0.387557483,0.02241545,46,-30,0.19186659,0.020927673,14,-30,0.091628674,0.010647222,27,-30,0.427811155,0.040602058,21,-30,0.140393655,0.014238818,26,-30,0.376423323,0.058449321,16,-30,0.215511527,0.051569219,2,-30,0.448754463,0.073162399,11,-30,0.44946977,0.051199716,17,-30,0.130249452,0.013061865,57,-30,0.199567793,0.014347804,57,-30,0.128645344,0.021749976,34,-30,0.092867291,0.011016874,63,-30,0.064236319,0.007271737,63,-30,0.102092301,0.010501956,28,-30,0.124954618,0.012621483,53,-30,0.232784464,0.03784985,22,-30,0.104464261,0.010453113,50,-30,0.163667948,0.014931652,61,-30,0.087994999,0.010017793,60,-30,0.10554501,0.011702986,53,-30,0.129001931,0.013821633,52,-30,0.220200466,0.021608794,53,-30,0.200215839,0.020171486,62,-30,0.198698314,0.02071149,54,-30,0.270763509,0.022963571,60,-30,0.335976631,0.024373117,70,-30,0.132484007,0.017221764,21,-30,0.018156028,0,1,-30,0.303351695,0.028538341,41,-30,0.1979611,0.023881769,46,-30,0.165432118,0.022866371,9,-30,0.081290404,0.007924812,52,-30,0.120478849,0.014621386,33,-30,0.139138065,0.016147842,38,-30,0.137733322,0.015324067,58,-30,0.088725749,0.013074342,61,-30,0.093268655,0.015519366,34,-30,0.119751616,0.017298126,63
SSI,-20,0.04218239,0.00204112,645,-20,0.075531562,0.00210929,894,-20,0.081208405,0.002578104,856,-20,0.117453513,0.009785854,58,-20,0.168812235,0.023831157,9,-20,0.075517331,0.009558347,36,-20,0.121102423,0.010059923,46,-20,0.160000189,0.020889671,14,-20,0.068362616,0.008773459,27,-20,0.147271036,0.017492851,21,-20,0.101159818,0.013154965,26,-20,0.149801307,0.024134379,16,-20,0.202348602,0.046098602,2,-20,0.169454461,0.022712697,11,-20,0.206369808,0.01811423,17,-20,0.059751617,0.006578027,57,-20,0.087098541,0.01018869,57,-20,0.106625468,0.011686435,34,-20,0.059749299,0.007211022,63,-20,0.049346121,0.007062078,63,-20,0.102467552,0.014897124,28,-20,0.084680733,0.010769397,53,-20,0.120779301,0.017537098,22,-20,0.077263596,0.007717098,50,-20,0.085900476,0.008258925,61,-20,0.057341007,0.008964885,60,-20,0.090854322,0.010463213,53,-20,0.080045726,0.010440609,52,-20,0.107481767,0.011893601,53,-20,0.082788897,0.011187303,62,-20,0.072316103,0.008789808,54,-20,0.088029845,0.009110992,60,-20,0.109080033,0.009605453,70,-20,0.103858249,0.012869638,21,-20,0.065484634,0,1,-20,0.132359685,0.011866681,41,-20,0.102577909,0.010597005,46,-20,0.170491485,0.016897966,9,-20,0.070531847,0.007706266,52,-20,0.054393115,0.01072743,33,-20,0.048456736,0.008761983,38,-20,0.049254405,0.007766265,58,-20,0.039502494,0.007235054,61,-20,0.038394102,0.006734372,34,-20,0.037171726,0.005661238,63
SSI,-10,0.035133983,0.001752703,645,-10,0.04084654,0.001554797,894,-10,0.031001529,0.001497615,856,-10,0.093342033,0.00938907,58,-10,0.171266188,0.021093741,9,-10,0.075540879,0.009054238,36,-10,0.085080975,0.010023214,46,-10,0.117364157,0.013418335,14,-10,0.066374929,0.010283207,27,-10,0.094462934,0.016628325,21,-10,0.103689998,0.012199866,26,-10,0.08846797,0.025124412,16,-10,0.093349857,0.011619087,2,-10,0.102057525,0.016668933,11,-10,0.078459345,0.014424323,17,-10,0.062580471,0.010076775,57,-10,0.066245176,0.008485972,57,-10,0.108615088,0.011834323,34,-10,0.055256789,0.007745726,63,-10,0.040523519,0.005682198,63,-10,0.087942491,0.012622932,28,-10,0.074704803,0.009630163,53,-10,0.100080544,0.014457633,22,-10,0.065671147,0.008755613,50,-10,0.062084917,0.007621986,61,-10,0.05876483,0.008619153,60,-10,0.075273486,0.009027541,53,-10,0.074073023,0.010015756,52,-10,0.075035749,0.009464516,53,-10,0.059650495,0.009627402,62,-10,0.061818165,0.009368834,54,-10,0.045696598,0.007600423,60,-10,0.065583167,0.007457468,70,-10,0.096591235,0.01265946,21,-10,0.047281324,0,1,-10,0.079316574,0.007788314,41,-10,0.084568371,0.010002842,46,-10,0.112180311,0.027983897,9,-10,0.059560351,0.00591141,52,-10,0.052234838,0.010767899,33,-10,0.045672462,0.010339838,38,-10,0.033941423,0.008553399,58,-10,0.02175356,0.004343608,61,-10,0.033896447,0.007510462,34,-10,0.031003447,0.005535754,63
SSI,0,0.035898291,0.001916499,645,0,0.036235561,0.001511908,894,0,0.02812847,0.001517908,856,0,0.086529035,0.008544595,58,0,0.093760904,0.01962445,9,0,0.083830642,0.013426646,36,0,0.074728407,0.008930451,46,0,0.104835475,0.017013884,14,0,0.061673357,0.008521196,27,0,0.061093442,0.012898523,21,0,0.09858734,0.01478388,26,0,0.088925242,0.015425137,16,0,0.181663581,0.047528966,2,0,0.082117967,0.017650136,11,0,0.072227867,0.012585378,17,0,0.051690138,0.007170939,57,0,0.062216824,0.008283023,57,0,0.087951105,0.009217584,34,0,0.060598219,0.007883518,63,0,0.044109162,0.006468348,63,0,0.092531774,0.014257027,28,0,0.069092036,0.007938031,53,0,0.074260675,0.015579255,22,0,0.074402897,0.009777783,50,0,0.057397442,0.007510034,61,0,0.064791432,0.009813697,60,0,0.079970191,0.009371706,53,0,0.06735276,0.009569353,52,0,0.080670262,0.009334239,53,0,0.055854952,0.0079094,62,0,0.054585727,0.008230149,54,0,0.040227236,0.007663324,60,0,0.05249504,0.007388485,70,0,0.092610676,0.012924314,21,0,0.119858156,0,1,0,0.082244675,0.008426079,41,0,0.089024199,0.011246091,46,0,0.17224996,0.030940984,9,0,0.066215203,0.007078859,52,0,0.043510335,0.008071878,33,0,0.039502044,0.006801299,38,0,0.032800994,0.006474011,58,0,0.021921535,0.004598065,61,0,0.02645128,0.0055558,34,0,0.025099303,0.004876909,63
Kinetics at 0 mV,(ms),MEAN,SEM,N,(ms),MEAN,SEM,N,(ms),MEAN,SEM,N,(ms),MEAN,SEM,N,(ms),MEAN,SEM,N,(ms),MEAN,SEM,N,(ms),MEAN,SEM,N,(ms),MEAN,SEM,N,(ms),MEAN,SEM,N,(ms),MEAN,SEM,N,(ms),MEAN,SEM,N,(ms),MEAN,SEM,N,(ms),MEAN,SEM,N,(ms),MEAN,SEM,N,(ms),MEAN,SEM,N,(ms),MEAN,SEM,N,(ms),MEAN,SEM,N,(ms),MEAN,SEM,N,(ms),MEAN,SEM,N,(ms),MEAN,SEM,N,(ms),MEAN,SEM,N,(ms),MEAN,SEM,N,(ms),MEAN,SEM,N,(ms),MEAN,SEM,N,(ms),MEAN,SEM,N,(ms),MEAN,SEM,N,(ms),MEAN,SEM,N,(ms),MEAN,SEM,N,(ms),MEAN,SEM,N,(ms),MEAN,SEM,N,(ms),MEAN,SEM,N,(ms),MEAN,SEM,N,(ms),MEAN,SEM,N,(ms),MEAN,SEM,N,(ms),MEAN,0,N,(ms),MEAN,SEM,N,(ms),MEAN,SEM,N,(ms),MEAN,SEM,N,(ms),MEAN,SEM,N,(ms),MEAN,SEM,N,(ms),MEAN,SEM,N,(ms),MEAN,SEM,N,(ms),MEAN,SEM,N,(ms),MEAN,SEM,N,(ms),MEAN,SEM,N
Kinetics at 0 mV,Tau (ms),1.065816556,0.01858508,675,Tau (ms),2.348733847,0.019215486,962,Tau (ms),1.927320889,0.022876251,929,Tau (ms),1.485146667,0.07968554,60,Tau (ms),1.590525,0.107506251,16,Tau (ms),1.337989474,0.07586366,38,Tau (ms),2.59694717,0.158574692,53,Tau (ms),2.04003,0.160108275,20,Tau (ms),1.293706667,0.057750699,30,Tau (ms),2.155146154,0.171517123,26,Tau (ms),1.886633333,0.103881895,30,Tau (ms),2.540541176,0.345225738,17,Tau (ms),1.945,0.573,2,Tau (ms),4.253222222,0.404553466,18,Tau (ms),3.805789474,0.300224512,19,Tau (ms),1.199791304,0.059398378,69,Tau (ms),1.538419048,0.038983072,63,Tau (ms),1.35364878,0.058702474,41,Tau (ms),1.05633913,0.036679166,69,Tau (ms),0.964232258,0.032578819,62,Tau (ms),1.445389189,0.072753677,37,Tau (ms),1.000853571,0.038604727,56,Tau (ms),1.333933333,0.057904017,33,Tau (ms),1.325148148,0.041766476,54,Tau (ms),2.436666667,0.091746436,69,Tau (ms),0.991968254,0.039806013,63,Tau (ms),1.051188679,0.049336862,53,Tau (ms),1.355313333,0.062060999,60,Tau (ms),1.650669841,0.043945628,63,Tau (ms),1.399633846,0.074352754,65,Tau (ms),1.449827119,0.086147343,59,Tau (ms),1.808948571,0.091777326,70,Tau (ms),1.430667532,0.065899238,77,Tau (ms),1.124032,0.074584637,25,Tau (ms),3.331166667,1.437421,6,Tau (ms),1.760643478,0.094875274,46,Tau (ms),1.312934694,0.092702098,49,Tau (ms),1.278415385,0.090364922,13,Tau (ms),1.153112903,0.060932105,62,Tau (ms),1.073121212,0.063220412,33,Tau (ms),1.412671795,0.046231198,39,Tau (ms),1.172264615,0.072807911,65,Tau (ms),1.044732308,0.045230656,65,Tau (ms),1.581373684,0.090690328,38,Tau (ms),1.003662687,0.055502078,67
Recovery,Time,MEAN,SEM,N,Time,MEAN,SEM,N,Time,MEAN,SEM,N,Time,MEAN,SEM,N,Time,MEAN,SEM,N,Time,MEAN,SEM,N,Time,MEAN,SEM,N,Time,MEAN,SEM,N,Time,MEAN,SEM,N,Time,MEAN,SEM,N,Time,MEAN,SEM,N,Time,MEAN,SEM,N,Time,MEAN,SEM,N,Time,MEAN,SEM,N,Time,MEAN,SEM,N,Time,MEAN,SEM,N,Time,MEAN,SEM,N,Time,MEAN,SEM,N,Time,MEAN,SEM,N,Time,MEAN,SEM,N,Time,MEAN,SEM,N,Time,MEAN,SEM,N,Time,MEAN,SEM,N,Time,MEAN,SEM,N,Time,MEAN,SEM,N,Time,MEAN,SEM,N,Time,MEAN,SEM,N,Time,MEAN,SEM,N,Time,MEAN,SEM,N,Time,MEAN,SEM,N,Time,MEAN,SEM,N,Time,MEAN,SEM,N,Time,MEAN,SEM,N,Time,MEAN,SEM,N,Time,MEAN,SEM,N,Time,MEAN,SEM,N,Time,MEAN,SEM,N,Time,MEAN,SEM,N,Time,MEAN,SEM,N,Time,MEAN,SEM,N,Time,MEAN,SEM,N,Time,MEAN,SEM,N,Time,MEAN,SEM,N,Time,MEAN,SEM,N,Time,MEAN,SEM,N
Recovery,1,0.239646339,0.00675482,80,1,0.21797201,0.006648009,111,1,0.207148477,0.009241389,130,1,0.249698822,0.009015551,41,1,0.210315516,0.022364697,11,1,0.222849614,0.010989315,28,1,0.254428696,0.00920909,37,1,0.278232204,0.018116614,13,1,0.199804888,0.016346779,24,1,0.228130194,0.018445705,15,1,0.23793103,0.015275462,19,1,0.228450084,0.026951843,10,1,0,0,0,1,0.28414476,0.017752011,10,1,0.221783915,0.01493111,12,1,0.244577406,0.008824967,44,1,0.25770811,0.012825345,37,1,0.239199454,0.014718158,27,1,0.20677047,0.009644005,52,1,0.201364397,0.009841522,53,1,0.21937897,0.01770442,19,1,0.25366319,0.008221749,45,1,0.212537524,0.020444318,26,1,0.259966409,0.011831065,32,1,0.242048946,0.010740384,46,1,0.211926502,0.010970593,51,1,0.225123043,0.011894942,38,1,0.238793178,0.012282599,29,1,0.256381998,0.010187103,44,1,0.227159809,0.012109987,38,1,0.245194929,0.012127002,34,1,0.240113536,0.009563741,42,1,0.231037967,0.008898032,50,1,0.264585591,0.017028356,16,1,0.284482759,0,1,1,0.230476608,0.011013767,37,1,0.217838269,0.01029263,35,1,0.295025681,0.016318762,3,1,0.192528661,0.011901383,50,1,0.270148205,0.014133697,20,1,0.241246948,0.010019362,25,1,0.241208649,0.011046126,44,1,0.253461449,0.009964433,46,1,0.236895929,0.010533671,27,1,0.23038793,0.008862683,47
Recovery,1.5,0.316568214,0.007902146,80,1.5,0.262418912,0.007519085,111,1.5,0.266074521,0.009935372,130,1.5,0.320563757,0.008496616,41,1.5,0.241846007,0.024912102,11,1.5,0.305714511,0.013640136,28,1.5,0.350913839,0.00950756,37,1.5,0.339284583,0.013063481,13,1.5,0.275830863,0.012099291,24,1.5,0.294113018,0.022357355,15,1.5,0.311369676,0.015779546,19,1.5,0.284243697,0.025540155,10,1.5,0,0,0,1.5,0.386796593,0.020875805,10,1.5,0.289627753,0.019250474,12,1.5,0.326219972,0.009468016,44,1.5,0.312048094,0.013346899,37,1.5,0.282441959,0.012935547,27,1.5,0.279503907,0.0112292,52,1.5,0.283237182,0.010713369,53,1.5,0.276252423,0.017073151,19,1.5,0.330645759,0.009569588,45,1.5,0.246271644,0.021814562,26,1.5,0.349480973,0.013284429,32,1.5,0.296863186,0.011417866,46,1.5,0.271249937,0.011517565,51,1.5,0.281619823,0.012125458,38,1.5,0.311570526,0.01284944,29,1.5,0.327089945,0.010652489,44,1.5,0.283932902,0.013199285,38,1.5,0.318867719,0.011129592,34,1.5,0.315336965,0.012224688,42,1.5,0.289220154,0.01147914,50,1.5,0.332614206,0.015295429,16,1.5,0.370614035,0,1,1.5,0.297150873,0.013086272,37,1.5,0.285470516,0.010844322,35,1.5,0.350194855,0.030881255,3,1.5,0.258316643,0.011670906,50,1.5,0.352908517,0.011579543,20,1.5,0.320258072,0.010728048,25,1.5,0.31207292,0.011503704,44,1.5,0.339169839,0.010425299,46,1.5,0.32387686,0.008428063,27,1.5,0.311224143,0.012092805,47
Recovery,3,0.42101888,0.010070742,80,3,0.329359838,0.009034551,111,3,0.3637536,0.011654126,130,3,0.446078006,0.012487847,41,3,0.304030704,0.035896685,11,3,0.434780983,0.016133725,28,3,0.507078011,0.013414885,37,3,0.435076322,0.017143207,13,3,0.449103754,0.017913702,24,3,0.422247048,0.022596541,15,3,0.4639383,0.023456006,19,3,0.414872584,0.035601323,10,3,0,0,0,3,0.55319375,0.03985746,10,3,0.385293066,0.024062045,12,3,0.449431917,0.011586181,44,3,0.389223101,0.014296785,37,3,0.404247046,0.012858272,27,3,0.400039993,0.014362991,52,3,0.410930731,0.013593842,53,3,0.404025014,0.021273511,19,3,0.445585679,0.012673589,45,3,0.290341456,0.027206694,26,3,0.483053018,0.020220889,32,3,0.376007909,0.013328467,46,3,0.368653488,0.014211427,51,3,0.389426685,0.016515863,38,3,0.436399765,0.019796572,29,3,0.431781747,0.014700878,44,3,0.373477967,0.017083824,38,3,0.43490685,0.016591245,34,3,0.420657885,0.015532426,42,3,0.368422168,0.014484419,50,3,0.437926444,0.024406621,16,3,0.518907563,0,1,3,0.394326117,0.013595821,37,3,0.380268855,0.013295089,35,3,0.501108336,0.070843637,3,3,0.386192239,0.013597017,50,3,0.477762369,0.019976538,20,3,0.423064773,0.015926289,25,3,0.420568252,0.015385805,44,3,0.467019575,0.016838338,46,3,0.431392454,0.011433835,27,3,0.410492665,0.016865418,47
Recovery,5.6,0.491389479,0.010699253,80,5.6,0.390227544,0.009353593,111,5.6,0.434506941,0.016801394,130,5.6,0.529033847,0.014350308,41,5.6,0.373004631,0.046154134,11,5.6,0.51682218,0.016455826,28,5.6,0.611158717,0.013903381,37,5.6,0.515173776,0.021177585,13,5.6,0.550255328,0.01995772,24,5.6,0.507464215,0.021067669,15,5.6,0.575205877,0.025351119,19,5.6,0.520513354,0.047020843,10,5.6,0,0,0,5.6,0.64854553,0.039720713,10,5.6,0.471350051,0.027494908,12,5.6,0.528222815,0.013223729,44,5.6,0.46323466,0.015748548,37,5.6,0.508974058,0.014425201,27,5.6,0.490160892,0.014973957,52,5.6,0.493540067,0.015221677,53,5.6,0.490158212,0.025534688,19,5.6,0.518659532,0.014754267,45,5.6,0.361161812,0.033940863,26,5.6,0.562813099,0.022599246,32,5.6,0.431843374,0.015693251,46,5.6,0.43663495,0.015532418,51,5.6,0.465833731,0.020272502,38,5.6,0.500548952,0.021505356,29,5.6,0.52385798,0.017347958,44,5.6,0.431488846,0.018624205,38,5.6,0.508296525,0.016402481,34,5.6,0.498878365,0.015628491,42,5.6,0.430926743,0.016514114,50,5.6,0.515513666,0.03027048,16,5.6,0.587866109,0,1,5.6,0.474732471,0.015104685,37,5.6,0.461925869,0.015548971,35,5.6,0.631280024,0.074151468,3,5.6,0.478454302,0.014918837,50,5.6,0.546163952,0.02247362,20,5.6,0.503762317,0.020549525,25,5.6,0.489277673,0.016707591,44,5.6,0.540826452,0.01753374,46,5.6,0.501955119,0.013145035,27,5.6,0.467273184,0.018542065,47
Recovery,10,0.544700165,0.010958624,80,10,0.4584008,0.009950326,111,10,0.502321938,0.016445338,130,10,0.589750094,0.014992612,41,10,0.413191303,0.052058066,11,10,0.571152898,0.016908911,28,10,0.662736964,0.014027131,37,10,0.580107921,0.023437652,13,10,0.626943045,0.020594008,24,10,0.581646706,0.018724973,15,10,0.621356945,0.022082556,19,10,0.586012431,0.042991168,10,10,0,0,0,10,0.718015012,0.036312554,10,10,0.542281571,0.025504123,12,10,0.582982334,0.014335868,44,10,0.525925986,0.015883553,37,10,0.564697173,0.017075844,27,10,0.5578983,0.014470674,52,10,0.540361428,0.015253897,53,10,0.566153391,0.02725196,19,10,0.572973376,0.014884538,45,10,0.398051088,0.036893077,26,10,0.600541705,0.021275816,32,10,0.493295204,0.017076611,46,10,0.491536135,0.016397005,51,10,0.525037133,0.019942118,38,10,0.561076438,0.020772442,29,10,0.586640776,0.018761408,44,10,0.491628894,0.018586821,38,10,0.567048406,0.017917167,34,10,0.564020222,0.014051427,42,10,0.494498106,0.015950948,50,10,0.563228242,0.029426448,16,10,0.687635575,0,1,10,0.54132568,0.014201608,37,10,0.535904156,0.016433292,35,10,0.702967574,0.059367812,3,10,0.538754395,0.014709172,50,10,0.585306365,0.022044438,20,10,0.56043829,0.022327049,25,10,0.52843179,0.017586094,44,10,0.575550302,0.018007516,46,10,0.546187671,0.011159255,27,10,0.508987437,0.018449096,47
Recovery,30,0.663733754,0.009054014,80,30,0.619506439,0.008658356,111,30,0.653845405,0.009702279,130,30,0.717113987,0.013679544,41,30,0.515211324,0.057281723,11,30,0.696216549,0.015825427,28,30,0.742650613,0.012213021,37,30,0.688959313,0.021479071,13,30,0.73058729,0.018928992,24,30,0.73304022,0.016730986,15,30,0.688345242,0.022990081,19,30,0.733917291,0.033598783,10,30,0,0,0,30,0.785122102,0.03155221,10,30,0.67601405,0.022302679,12,30,0.686383974,0.012074641,44,30,0.656558706,0.012988741,37,30,0.678974911,0.014678833,27,30,0.671638568,0.013230225,52,30,0.634590082,0.01476377,53,30,0.665499845,0.023192514,19,30,0.675257682,0.014597215,45,30,0.498810166,0.035755096,26,30,0.689566335,0.020012133,32,30,0.595514457,0.016552215,46,30,0.598805483,0.015656445,51,30,0.63540371,0.018235146,38,30,0.6623699,0.016549655,29,30,0.696613362,0.017819203,44,30,0.609124554,0.015576372,38,30,0.684637844,0.013856274,34,30,0.693937041,0.01151019,42,30,0.640599412,0.015467795,50,30,0.681011883,0.03016359,16,30,0.825431034,0,1,30,0.664002598,0.013084525,37,30,0.662587201,0.016323496,35,30,0.804384152,0.05427288,3,30,0.658547795,0.014488106,50,30,0.695797054,0.01937029,20,30,0.680941006,0.018396234,25,30,0.635919109,0.015768291,44,30,0.677177843,0.014673819,46,30,0.657592548,0.011210295,27,30,0.619788962,0.016421097,47
Recovery,56,0.749810617,0.008112248,80,56,0.722768683,0.007164458,111,56,0.740999028,0.009620469,130,56,0.78911378,0.011449583,41,56,0.574201716,0.04743495,11,56,0.76604177,0.0130794,28,56,0.796499609,0.011810714,37,56,0.752542923,0.016993393,13,56,0.799850778,0.012046232,24,56,0.802791591,0.012514603,15,56,0.737748758,0.02256369,19,56,0.798383817,0.023208455,10,56,0,0,0,56,0.812236037,0.027881931,10,56,0.751558723,0.017349608,12,56,0.752254785,0.009332502,44,56,0.749287495,0.011461275,37,56,0.746884832,0.018189245,27,56,0.734504135,0.012362715,52,56,0.698660254,0.012273375,53,56,0.719143039,0.022404882,19,56,0.739652143,0.013654327,45,56,0.589475983,0.03455236,26,56,0.747625502,0.016961711,32,56,0.674647102,0.017590531,46,56,0.666350232,0.014607592,51,56,0.721935688,0.014911141,38,56,0.73879318,0.014605576,29,56,0.756531201,0.01401609,44,56,0.701115039,0.014564883,38,56,0.756837971,0.012434107,34,56,0.776607835,0.00979581,42,56,0.736411855,0.014655447,50,56,0.75458007,0.02300546,16,56,0.858719647,0,1,56,0.748493293,0.0126687,37,56,0.741914979,0.015398675,35,56,0.875826844,0.024730236,3,56,0.739058653,0.012851672,50,56,0.771981944,0.014647648,20,56,0.766993079,0.015389236,25,56,0.720009078,0.013211273,44,56,0.749312685,0.013074582,46,56,0.738979143,0.011555056,27,56,0.700287109,0.014374581,47
Recovery,100,0.830036045,0.005760435,80,100,0.814288215,0.006315293,111,100,0.818840272,0.010470269,130,100,0.850617042,0.009160015,41,100,0.67679369,0.049756226,11,100,0.835734623,0.010905572,28,100,0.853233527,0.008257129,37,100,0.832970188,0.018119026,13,100,0.866879733,0.009591398,24,100,0.870060395,0.011140664,15,100,0.764632865,0.016421784,19,100,0.869102127,0.024964463,10,100,0,0,0,100,0.848799424,0.024917484,10,100,0.799651585,0.022702203,12,100,0.824876209,0.009016263,44,100,0.82740152,0.010469924,37,100,0.826880855,0.014535901,27,100,0.807849723,0.010314064,52,100,0.760782238,0.010358046,53,100,0.793735569,0.016549169,19,100,0.803000117,0.01191178,45,100,0.679120634,0.028168015,26,100,0.802447741,0.013627178,32,100,0.749878309,0.014658172,46,100,0.744907112,0.014186775,51,100,0.802729106,0.013276884,38,100,0.818195272,0.011628949,29,100,0.834033583,0.011006475,44,100,0.789294737,0.013875111,38,100,0.821654063,0.01260244,34,100,0.844140599,0.009075616,42,100,0.820788069,0.012535747,50,100,0.827373525,0.01492218,16,100,0.917594655,0,1,100,0.821516893,0.008824543,37,100,0.816370437,0.010977145,35,100,0.90130658,0.011089372,3,100,0.820526722,0.010426292,50,100,0.83348304,0.012789857,20,100,0.835291727,0.010564801,25,100,0.802184755,0.012325993,44,100,0.813786025,0.011062451,46,100,0.811003545,0.008419601,27,100,0.785784407,0.010982522,47
Recovery,150,0.873223287,0.00552001,80,150,0.870951403,0.005172727,111,150,0.870970258,0.008217646,130,150,0.890326564,0.007213376,41,150,0.725355222,0.041609478,11,150,0.881667204,0.008708208,28,150,0.885861087,0.007803937,37,150,0.864486311,0.014810733,13,150,0.904752119,0.008768045,24,150,0.901293896,0.011184202,15,150,0.787078845,0.017141282,19,150,0.917168639,0.023196761,10,150,0,0,0,150,0.872615524,0.022117192,10,150,0.843257677,0.017804391,12,150,0.880968388,0.007189213,44,150,0.873412001,0.008139483,37,150,0.861561036,0.013651134,27,150,0.848560861,0.008233295,52,150,0.807686275,0.009285162,53,150,0.853496377,0.017487169,19,150,0.851851419,0.009663784,45,150,0.74581795,0.024616916,26,150,0.845400604,0.013117527,32,150,0.801454688,0.012621412,46,150,0.808973404,0.011894222,51,150,0.848531327,0.012063608,38,150,0.858504127,0.008683943,29,150,0.87343147,0.009759692,44,150,0.841381413,0.011078294,38,150,0.857491818,0.010807224,34,150,0.88337537,0.009638843,42,150,0.875408628,0.010803208,50,150,0.870570948,0.015080217,16,150,0.93495935,0,1,150,0.866068497,0.008173912,37,150,0.865830457,0.008220075,35,150,0.937892077,0.004762897,3,150,0.866619406,0.009894983,50,150,0.875651533,0.011066472,20,150,0.88309361,0.009632407,25,150,0.850070947,0.010405839,44,150,0.867416188,0.009135572,46,150,0.854939777,0.00967646,27,150,0.837439352,0.009404357,47
Recovery,300,0.944845406,0.003442015,80,300,0.944670863,0.003569149,111,300,0.937579729,0.006654316,130,300,0.944051265,0.005426177,41,300,0.832136977,0.028542293,11,300,0.943971842,0.006955988,28,300,0.934661788,0.004974474,37,300,0.927161606,0.009158377,13,300,0.951345131,0.007472139,24,300,0.946687387,0.005567358,15,300,0.850156395,0.013459707,19,300,0.94305589,0.014463916,10,300,0,0,0,300,0.94298722,0.012877267,10,300,0.902563789,0.013434003,12,300,0.945239337,0.005777473,44,300,0.934223661,0.006855582,37,300,0.916653354,0.013614271,27,300,0.91637849,0.006415838,52,300,0.888727871,0.006720888,53,300,0.91518166,0.011032127,19,300,0.925733465,0.005530993,45,300,0.852892076,0.015903141,26,300,0.919598079,0.010622782,32,300,0.878488372,0.010768035,46,300,0.889851151,0.009190018,51,300,0.922351145,0.007224907,38,300,0.931311945,0.00676361,29,300,0.939682276,0.006954677,44,300,0.917163759,0.008322542,38,300,0.923499176,0.009534887,34,300,0.94742003,0.005817945,42,300,0.941269922,0.006714236,50,300,0.947897559,0.010217225,16,300,0.951318458,0,1,300,0.934012238,0.006197252,37,300,0.929467579,0.007102562,35,300,0.956879518,0.023106872,3,300,0.927519471,0.005492483,50,300,0.934503653,0.006694704,20,300,0.947293589,0.005929266,25,300,0.92743316,0.006976535,44,300,0.929017688,0.006651802,46,300,0.930736921,0.006430203,27,300,0.918498892,0.006563345,47
Recovery,560,0.967873722,0.003649208,80,560,0.971818474,0.002680867,111,560,0.968730029,0.004874388,130,560,0.978501189,0.004662235,41,560,0.91717523,0.019620915,11,560,0.977589617,0.005216089,28,560,0.97227783,0.005424883,37,560,0.953825418,0.007997096,13,560,0.977325486,0.005783803,24,560,0.973675522,0.004121147,15,560,0.894533844,0.012467097,19,560,0.991388493,0.011238017,10,560,0,0,0,560,0.950541379,0.009551196,10,560,0.923479727,0.014664234,12,560,0.969662341,0.004465825,44,560,0.964782489,0.00935215,37,560,0.960212075,0.011889453,27,560,0.962806635,0.004258093,52,560,0.939870859,0.005716909,53,560,0.962379382,0.00809135,19,560,0.961933455,0.004319191,45,560,0.920143229,0.009819079,26,560,0.956542036,0.008753519,32,560,0.936273577,0.009134369,46,560,0.95122821,0.006169793,51,560,0.969663796,0.006481233,38,560,0.970742654,0.006335828,29,560,0.968029202,0.005286243,44,560,0.95912352,0.006532135,38,560,0.958272191,0.006852997,34,560,0.970145129,0.004729287,42,560,0.971305443,0.004789483,50,560,0.978048034,0.01141331,16,560,0.979296066,0,1,560,0.967127452,0.004637168,37,560,0.974325184,0.004852775,35,560,1.073694892,0.003294502,3,560,0.964027493,0.004629911,50,560,0.962007968,0.008129335,20,560,0.965017742,0.004645856,25,560,0.964775035,0.005059364,44,560,0.967863056,0.004188109,46,560,0.956810947,0.005376027,27,560,0.958152378,0.003953244,47
Recovery,1000,0.973244589,0.003868167,80,1000,0.986957306,0.002743,111,1000,0.959548013,0.024144148,130,1000,0.981524028,0.004988268,41,1000,0.948027602,0.017006117,11,1000,0.975231005,0.003994445,28,1000,0.985123136,0.003979273,37,1000,0.973361984,0.005482438,13,1000,0.977399194,0.006464545,24,1000,0.983042185,0.004470822,15,1000,0.933177485,0.011008987,19,1000,0.977188585,0.006951874,10,1000,0,0,0,1000,0.971719476,0.005524891,10,1000,0.919549859,0.01481812,12,1000,0.985696196,0.003760114,44,1000,0.981515978,0.006753508,37,1000,0.971302938,0.009852109,27,1000,0.97486348,0.004287709,52,1000,0.965931636,0.003724936,53,1000,0.983330799,0.006978131,19,1000,0.984459726,0.004813201,45,1000,0.965625819,0.010201255,26,1000,0.975480175,0.008504063,32,1000,0.949846792,0.011235586,46,1000,0.969596528,0.004128844,51,1000,0.985200112,0.004982183,38,1000,0.98237857,0.005005896,29,1000,0.99103586,0.006088595,44,1000,0.981784664,0.005129077,38,1000,0.979151196,0.005925654,34,1000,0.983647483,0.00295345,42,1000,0.979299347,0.003822499,50,1000,0.983543833,0.006078519,16,1000,0.921755725,0,1,1000,0.979646585,0.004384292,37,1000,0.984461803,0.004824087,35,1000,0.987868503,0.017465466,3,1000,0.988882668,0.004118057,50,1000,0.972764149,0.005934215,20,1000,0.983096714,0.004730897,25,1000,0.983907057,0.004375742,44,1000,0.976224218,0.003228366,46,1000,0.975228574,0.003590674,27,1000,0.979821296,0.00344683,47
Recovery,2930,0.992957958,0.00312866,80,2930,0.993714472,0.002173588,111,2930,0.986707726,0.00793048,130,2930,0.996394366,0.003423924,41,2930,0.991265974,0.013321524,11,2930,0.990510016,0.004079595,28,2930,0.996497229,0.002834128,37,2930,0.999730334,0.004304204,13,2930,0.993678297,0.005647665,24,2930,0.986867884,0.004683303,15,2930,0.96610316,0.007550515,19,2930,0.998368578,0.008504837,10,2930,0,0,0,2930,0.983234677,0.008728098,10,2930,0.962027602,0.008512659,12,2930,0.993133084,0.004411699,44,2930,1.002180741,0.004999209,37,2930,0.983996758,0.005493999,27,2930,0.990938658,0.003832821,52,2930,0.99071206,0.00306039,53,2930,1.005743417,0.008076727,19,2930,0.986610852,0.00387865,45,2930,0.999135722,0.006789682,26,2930,0.993688178,0.004020367,32,2930,0.9775733,0.005462144,46,2930,0.994199919,0.003542548,51,2930,0.986718918,0.004848055,38,2930,0.990077872,0.005719914,29,2930,0.993781594,0.004182567,44,2930,0.997926778,0.004204957,38,2930,0.982027761,0.003472341,34,2930,0.991480498,0.004286974,42,2930,0.990027179,0.003186029,50,2930,0.988660538,0.007203691,16,2930,0.965725806,0,1,2930,0.999256684,0.005673769,37,2930,0.994989642,0.004225693,35,2930,0.989612059,0.012253029,3,2930,0.985935689,0.004389644,50,2930,0.995057147,0.003984126,20,2930,0.99214197,0.004254554,25,2930,0.998784895,0.003741767,44,2930,0.989660468,0.00249146,46,2930,0.994902396,0.00349486,27,2930,0.992169381,0.00312185,47
Recovery,5000,0.995904753,0.003069054,80,5000,0.991808016,0.002193927,111,5000,0.982598681,0.015551405,130,5000,1.001552487,0.004795962,41,5000,0.98567119,0.007952754,11,5000,1.000530569,0.0045639,28,5000,0.979342833,0.005394989,37,5000,0.996024557,0.004687683,13,5000,1.007540036,0.004924528,24,5000,0.993225278,0.003806135,15,5000,0.977685667,0.004492579,19,5000,0.993523134,0.005772722,10,5000,0,0,0,5000,0.991367282,0.008589047,10,5000,0.970627478,0.00882903,12,5000,0.995930812,0.004615858,44,5000,0.988718175,0.004168389,37,5000,0.986655621,0.008741772,27,5000,0.994918944,0.002510498,52,5000,0.994710691,0.00288706,53,5000,0.986862185,0.005624685,19,5000,0.99819795,0.004955025,45,5000,0.986308319,0.006370419,26,5000,1.002017246,0.004695459,32,5000,0.983052472,0.004458014,46,5000,0.992940671,0.004753467,51,5000,0.984833469,0.006159841,38,5000,1.001306016,0.003960913,29,5000,0.994586997,0.005953886,44,5000,1.006041552,0.005057675,38,5000,0.991875193,0.004312765,34,5000,1.001412417,0.004118398,42,5000,0.999005756,0.003760489,50,5000,1.001000895,0.008442861,16,5000,0.96222664,0,1,5000,0.990619573,0.005325405,37,5000,0.998018238,0.004517105,35,5000,0.974306226,0.012841532,3,5000,0.990803746,0.004955398,50,5000,0.993189262,0.004034108,20,5000,0.997346553,0.004457639,25,5000,0.994289468,0.002916807,44,5000,0.987115626,0.003218604,46,5000,0.998397049,0.004845268,27,5000,0.995720686,0.003562634,47
